STUDY_ID,SAMPLE_ID,GPR68
luad_broad,LUAD-D02326,0
luad_broad,LUAD-S01341,1
luad_broad,LUAD-U6SJ7,0 
luad_broad,LUAD-E01014,1
luad_broad,LUAD-S01404,0
luad_broad,LUAD-S01381,0
luad_broad,LUAD-QY22Z,0
luad_broad,LUAD-AEIUF,0
luad_broad,LUAD-FH5PJ,0
luad_broad,LUAD-E01317,0
luad_broad,LUAD-2GUGK,0
luad_broad,LUAD-S01331,0
luad_broad,LUAD-E01278,0
luad_broad,LUAD-S01467,2
luad_broad,LUAD-S01405,-1
luad_broad,LUAD-S01356,0
luad_broad,LUAD-S01346,1
luad_broad,LUAD-S01345,0
luad_broad,LUAD-S00488,0
luad_broad,LUAD-S01478,0
luad_broad,LUAD-E00934,0
luad_broad,LUAD-S01302,0
luad_broad,LUAD-5V8LT,0
luad_broad,LUAD-NYU346,0
luad_broad,LUAD-NYU279,0
luad_broad,LUAD-NYU605,0
luad_broad,LUAD-NYU1128,0
luad_broad,LUAD-NYU129,0
luad_broad,LUAD-NYU735,0
luad_broad,LUAD-NYU994,0
luad_broad,LUAD-NYU1124,0
luad_broad,LUAD-NYU287,0
luad_broad,LUAD-NYU846,0
luad_broad,LUAD-NYU689,0
luad_broad,LUAD-NYU796,0
luad_broad,LUAD-NYU848,0
luad_broad,LUAD-NYU1027,0
luad_broad,LUAD-NYU213,0
luad_broad,LUAD-NYU252,0
luad_broad,LUAD-NYU574S,0
luad_broad,LUAD-NYU803,0
luad_broad,LUAD-NYU1093,0
luad_broad,LUAD_E01319,0
luad_broad,LUAD-E00163,0
luad_broad,LUAD-S01320,0
luad_broad,LUAD-5O6B5,0
luad_broad,LUAD-B01102,0
luad_broad,LUAD-RT-S01771,0
luad_broad,LUAD-RT-S01770,2
luad_broad,LUAD-NYU1177,0
luad_broad,LUAD-GU4I3,0
luad_broad,LUAD-NYU704,0
luad_broad,LUAD-NYU802,0
luad_broad,LUAD-NYU608,0
luad_broad,LUAD-NYU1142,0
luad_broad,LUAD-NYU947,0
luad_broad,LUAD_E00703,0
luad_broad,LUAD_E00945,0
luad_broad,LUAD-NYU1195,0
luad_broad,LUAD-S01373,0
luad_broad,LUAD-NYU1026,0
luad_broad,LUAD-D00147,0
luad_broad,LUAD-S01362,0
luad_broad,LUAD-RT-S01856,0
luad_broad,LUAD-NYU1210,0
luad_broad,LUAD-RT-S01808,0
luad_broad,LUAD_E01419,0
luad_broad,LUAD-S00499,0
luad_broad,LUAD-F00134,0
luad_broad,LUAD-NYU739,0
luad_broad,LUAD-NYU584S,0
luad_broad,LUAD-NYU1096,0
luad_broad,LUAD-UF7HM,1
luad_broad,LUAD-CHTN-4090680,0
luad_broad,LUAD-F00170,0
luad_broad,LUAD-QJN9L,0
luad_broad,LUAD-NYU508,0
luad_broad,LUAD-CHTN-MAD04-00674,0
luad_broad,LUAD-NYU282,0
luad_broad,LUAD-RT-S01832,0
luad_broad,LUAD-CHTN-MAD06-00490,0
luad_broad,LUAD-RT-S01852,0
luad_broad,LUAD-RT-S01866,0
luad_broad,LUAD-S01304,0
luad_broad,LUAD_E01086,0
luad_broad,LUAD-NYU696,0
luad_broad,LUAD-NYU330,0
luad_broad,LUAD-NYU1101,0
luad_broad,LUAD-NYU627,0
luad_broad,LUAD-RT-S01840,0
luad_broad,LUAD-S01482,0
luad_broad,LUAD-RT-S01711,0
luad_broad,LUAD_E01166,0
luad_broad,LUAD-B02477,0
luad_broad,LUAD-TLLGS,0
luad_broad,LUAD-D01278,0
luad_broad,LUAD-RT-S01487,0
luad_broad,LUAD-RT-S01810,0
luad_broad,LUAD-S01354,0
luad_broad,LUAD-CHTN-MAD08-00104,0
luad_broad,LUAD-QCHM7,0
luad_broad,LUAD-CHTN-3090416,1
luad_broad,LUAD-NYU575,0
luad_broad,LUAD-NYU195,-1
luad_broad,LUAD-B01169,-1
luad_broad,LUAD-RT-S01703,0
luad_broad,LUAD-NYU315,0
luad_broad,LUAD-S00486,0
luad_broad,LUAD-D01382,0
luad_broad,LUAD-RT-S01700,0
luad_broad,LUAD-NYU263,0
luad_broad,LUAD-F00057,0
luad_broad,LUAD-NYU1021,0
luad_broad,LUAD-RT-S01709,0
luad_broad,LUAD-D01751,0
luad_broad,LUAD-CHTN-3090415,0
luad_broad,LUAD-NYU201,0
luad_broad,LUAD-NYU184,0
luad_broad,LUAD-B01145,0
luad_broad,LUAD_E01147,0
luad_broad,LUAD-NYU160,0
luad_broad,LUAD-F00257,0
luad_broad,LUAD-B02077,0
luad_broad,LUAD-D02085,0
luad_broad,LUAD-F00121,0
luad_broad,LUAD-B01970,0
luad_broad,LUAD-YKER9,0
luad_broad,LUAD-F00018,0
luad_broad,LUAD-B02515,0
luad_broad,LUAD-F00089,0
luad_broad,LUAD-RT-S01831,0
luad_broad,LUAD_E01047,0
luad_broad,LUAD-B00859,0
luad_broad,LUAD-CHTN-MAD06-00678,0
luad_broad,LUAD-VUMN6,0
luad_broad,LUAD-RT-S01769,0
luad_broad,LUAD-74TBW,0
luad_broad,LUAD-NYU669,0
luad_broad,LUAD-RT-S01477,0
luad_broad,LUAD-S00484,0
luad_broad,LUAD-RT-S01774,0
luad_broad,LUAD-NYU259,0
luad_broad,LUAD-RT-S01818,0
luad_broad,LUAD-LC15C,0
luad_broad,LUAD-RT-S01721,0
luad_broad,LUAD-S01306,0
luad_broad,LUAD-D02185,0
luad_broad,LUAD-S01413,0
luad_broad,LUAD-NYU847,0
luad_broad,LUAD-B02216,0
luad_broad,LUAD-CHTN-3090346,0
luad_broad,LUAD-RT-S01699,-1
luad_broad,LUAD-E00443,0
luad_broad,LUAD-E00918,0
luad_broad,LUAD-F00282,0
luad_broad,LUAD-B00523,0
luad_broad,LUAD-F00365,1
luad_broad,LUAD-B00915,0
luad_broad,LUAD-LIP77,0
luad_broad,LUAD-NYU1051S,0
luad_broad,LUAD-NYU1219,0
luad_broad,LUAD-E00897,0
luad_broad,LUAD-RT-S01813,0
luad_broad,LUAD-RT-S01702,1
luad_broad,LUAD-S01409,0
luad_broad,LUAD-F00162,0
luad_broad,LUAD-NYU408,0
luad_broad,LUAD-B02594,0
luad_broad,LUAD-F00368,0
luad_broad,LUAD-RT-S01777,0
luad_broad,LUAD_E00565,0
luad_broad,LUAD-NYU284,1
luad_broad,LUAD-D01603,0
luad_broad,LUAD_E00623,0
luad_broad,LUAD-B00416,0
luad_broad,LUAD-B01811,0
luad_broad,LUAD-CHTN-Z4716A,0
luad_broad,LUAD_E00522,0
luad_broad,LUAD-S01357,0
luad_broad,LUAD-S01315,0
luad_broad,LUAD-CHTN-MAD06-00668,1
luad_broad,LUAD-YINHD,0
luad_cptac_2020,C3N-01799,0
luad_cptac_2020,C3N-00572,0
luad_cptac_2020,C3N-02423,1
luad_cptac_2020,C3N-02729,1
luad_cptac_2020,C3L-00263,0
luad_cptac_2020,C3N-01410,1
luad_cptac_2020,C3N-00578,1
luad_cptac_2020,C3N-02587,1
luad_cptac_2020,C3L-00893,0
luad_cptac_2020,C3N-01488,0
luad_cptac_2020,C3N-01413,1
luad_cptac_2020,C3N-01030,-1
luad_cptac_2020,C3N-02588,-1
luad_cptac_2020,C3N-00552,0
luad_cptac_2020,C3L-01889,0
luad_cptac_2020,C3N-00169,1
luad_cptac_2020,C3L-00422,1
luad_cptac_2020,C3L-00083,0
luad_cptac_2020,C3N-00551,0
luad_cptac_2020,C3N-01842,1
luad_cptac_2020,C3N-02089,-1
luad_cptac_2020,C3L-01682,0
luad_cptac_2020,C3N-01016,0
luad_cptac_2020,C3N-00580,0
luad_cptac_2020,X11LU013,1
luad_cptac_2020,C3N-02000,1
luad_cptac_2020,C3N-01489,0
luad_cptac_2020,C3N-00737,0
luad_cptac_2020,C3N-01405,0
luad_cptac_2020,C3N-01416,0
luad_cptac_2020,C3N-02149,-1
luad_cptac_2020,C3N-02424,-1
luad_cptac_2020,C3L-00279,0
luad_cptac_2020,C3N-02379,0
luad_cptac_2020,C3L-00095,0
luad_cptac_2020,C3N-02572,1
luad_cptac_2020,C3N-00559,1
luad_cptac_2020,X11LU016,1
luad_cptac_2020,C3L-02345,0
luad_cptac_2020,C3L-00093,-1
luad_cptac_2020,C3L-00510,1
luad_cptac_2020,C3L-00913,0
luad_cptac_2020,X11LU022,1
luad_cptac_2020,C3L-00412,0
luad_cptac_2020,C3N-01415,-1
luad_cptac_2020,C3N-00549,0
luad_cptac_2020,C3N-02433,0
luad_cptac_2020,C3N-01021,1
luad_cptac_2020,C3N-00203,-1
luad_cptac_2020,C3L-01330,0
luad_cptac_2020,C3N-00574,0
luad_cptac_2020,X11LU035,0
luad_cptac_2020,C3N-01071,1
luad_cptac_2020,C3N-00550,1
luad_cptac_2020,C3N-00167,0
luad_cptac_2020,C3L-00001,-1
luad_cptac_2020,C3N-01074,-1
luad_cptac_2020,C3L-01632,0
luad_cptac_2020,C3N-02155,1
luad_cptac_2020,C3N-00217,1
luad_cptac_2020,C3N-02002,0
luad_cptac_2020,C3N-02145,1
luad_cptac_2020,C3N-02586,0
luad_cptac_2020,C3L-02219,0
luad_cptac_2020,C3N-00180,1
luad_cptac_2020,C3L-01862,0
luad_cptac_2020,C3N-00704,1
luad_cptac_2020,C3N-02158,1
luad_cptac_2020,C3N-02421,0
luad_cptac_2020,C3N-00556,0
luad_cptac_2020,C3N-00294,0
luad_cptac_2020,C3N-01072,0
luad_cptac_2020,C3L-00094,-1
luad_cptac_2020,C3L-00144,0
luad_cptac_2020,C3N-00223,0
luad_cptac_2020,C3N-02380,0
luad_cptac_2020,C3L-01924,0
luad_cptac_2020,C3N-00433,0
luad_cptac_2020,C3L-01683,0
luad_cptac_2020,C3N-00293,0
luad_cptac_2020,C3L-00009,0
luad_cptac_2020,C3N-00546,0
luad_cptac_2020,C3N-01414,0
luad_cptac_2020,C3N-02087,0
luad_cptac_2020,C3L-00140,0
luad_cptac_2020,C3N-02529,1
luad_cptac_2020,C3L-00368,0
luad_cptac_2020,C3N-02067,-1
luad_cptac_2020,C3N-02422,0
luad_cptac_2020,C3L-00080,1
luad_cptac_2020,C3N-00547,0
luad_cptac_2020,C3N-01023,0
luad_cptac_2020,C3N-01024,0
luad_cptac_2020,C3L-00973,-1
luad_cptac_2020,C3L-02348,0
luad_cptac_2020,C3L-02508,0
luad_cptac_2020,C3N-00560,-1
luad_cptac_2020,C3L-00604,1
luad_cptac_2020,C3N-00199,1
luad_cptac_2020,C3N-00579,1
luad_cptac_2020,C3N-02582,1
luad_cptac_2020,C3L-02350,0
luad_cptac_2020,C3N-00738,0
luad_cptac_2020,C3N-00959,0
luad_cptac_2020,C3N-02003,0
luad_cptac_2020,C3N-00175,0
luad_cptac_2020,C3N-01823,0
luad_cptac_2020,C3L-02549,-1
luad_cptac_2020,C3L-02365,0
luad_oncosg_2020,BGI-EX01,1
luad_oncosg_2020,BGI-EX02,0
luad_oncosg_2020,BGI-EX03,1
luad_oncosg_2020,BGI-EX04,1
luad_oncosg_2020,BGI-EX05,1
luad_oncosg_2020,BGI-EX06,0
luad_oncosg_2020,BGI-EX07,0
luad_oncosg_2020,BGI-EX08,1
luad_oncosg_2020,BGI-EX09,1
luad_oncosg_2020,BGI-RS01,1
luad_oncosg_2020,BGI-RS02,1
luad_oncosg_2020,BGI-RS03,0
luad_oncosg_2020,BGI-RS04,0
luad_oncosg_2020,BGI-RS05,0
luad_oncosg_2020,BGI-RS06,0
luad_oncosg_2020,BGI-RS07,0
luad_oncosg_2020,BGI-RS08,0
luad_oncosg_2020,BGI-RS09,1
luad_oncosg_2020,BGI-RS10,-1
luad_oncosg_2020,BGI-RS11,0
luad_oncosg_2020,BGI-RS12,0
luad_oncosg_2020,BGI-RS13,0
luad_oncosg_2020,BGI-RS14,0
luad_oncosg_2020,BGI-RS15,0
luad_oncosg_2020,BGI-RS16,0
luad_oncosg_2020,BGI-RS17,0
luad_oncosg_2020,BGI-RS18,0
luad_oncosg_2020,BGI-RS19,0
luad_oncosg_2020,BGI-RS20,1
luad_oncosg_2020,BGI-RS21,1
luad_oncosg_2020,BGI-RS22,0
luad_oncosg_2020,BGI-RS23,1
luad_oncosg_2020,BGI-RS24,0
luad_oncosg_2020,BGI-RS25,1
luad_oncosg_2020,BGI-RS26,0
luad_oncosg_2020,BGI-RS27,1
luad_oncosg_2020,BGI-RS28,0
luad_oncosg_2020,BGI-RS29,-1
luad_oncosg_2020,BGI-RS30,1
luad_oncosg_2020,BGI-RS31,0
luad_oncosg_2020,BGI-RS32,0
luad_oncosg_2020,BGI-RS33,-1
luad_oncosg_2020,BGI-RS34,0
luad_oncosg_2020,BGI-RS35,1
luad_oncosg_2020,BGI-RS36,-1
luad_oncosg_2020,BGI-RS37,0
luad_oncosg_2020,BGI-RS38,1
luad_oncosg_2020,BGI-RS39,1
luad_oncosg_2020,BGI-RS40,0
luad_oncosg_2020,BGI-RS41,0
luad_oncosg_2020,BGI-RS42,0
luad_oncosg_2020,BGI-RS44,1
luad_oncosg_2020,BGI-RS45,1
luad_oncosg_2020,BGI-RS46,0
luad_oncosg_2020,BGI-RS47,1
luad_oncosg_2020,BGI-RS48,1
luad_oncosg_2020,BGI-RS49,0
luad_oncosg_2020,BGI-RS50,1
luad_oncosg_2020,BGI-RS51,1
luad_oncosg_2020,BGI-RS52,0
luad_oncosg_2020,BGI-RS53,1
luad_oncosg_2020,BGI-RS54,1
luad_oncosg_2020,BGI-RS55,1
luad_oncosg_2020,BGI-RS56,0
luad_oncosg_2020,BGI-RS57,-1
luad_oncosg_2020,BGI-RS58,0
luad_oncosg_2020,BGI-RS59,0
luad_oncosg_2020,BGI-RS60,1
luad_oncosg_2020,BGI-WG01,-1
luad_oncosg_2020,BGI-WG02,0
luad_oncosg_2020,BGI-WG03,0
luad_oncosg_2020,BGI-WG04,-1
luad_oncosg_2020,BGI-WG05,0
luad_oncosg_2020,BGI-WG06,0
luad_oncosg_2020,BGI-WG07,0
luad_oncosg_2020,BGI-WG08,-1
luad_oncosg_2020,BGI-WG09,0
luad_oncosg_2020,BGI-WG10,-1
luad_oncosg_2020,BGI-WG11,1
luad_oncosg_2020,BGI-WG12,1
luad_oncosg_2020,BGI-WG13,1
luad_oncosg_2020,BGI-WG14,1
luad_oncosg_2020,BGI-WG15,-1
luad_oncosg_2020,BGI-WG16,0
luad_oncosg_2020,BGI-WG17,1
luad_oncosg_2020,BGI-WG18,1
luad_oncosg_2020,BGI-WG19,0
luad_oncosg_2020,BGI-WG20,0
luad_oncosg_2020,BGI-WG21,0
luad_oncosg_2020,BGI-WG22,-1
luad_oncosg_2020,BGI-WG23,0
luad_oncosg_2020,BGI-WG24,1
luad_oncosg_2020,A183,1
luad_oncosg_2020,A185,2
luad_oncosg_2020,A186,1
luad_oncosg_2020,A187,1
luad_oncosg_2020,A188,-1
luad_oncosg_2020,A190,-1
luad_oncosg_2020,A191,0
luad_oncosg_2020,A192,-1
luad_oncosg_2020,A193,0
luad_oncosg_2020,A194,0
luad_oncosg_2020,A195,0
luad_oncosg_2020,A196,0
luad_oncosg_2020,A197,1
luad_oncosg_2020,A198,0
luad_oncosg_2020,A199,0
luad_oncosg_2020,A200,1
luad_oncosg_2020,A201,0
luad_oncosg_2020,A202,1
luad_oncosg_2020,A203,0
luad_oncosg_2020,A204,0
luad_oncosg_2020,A205,0
luad_oncosg_2020,A206,0
luad_oncosg_2020,A207,1
luad_oncosg_2020,A208,-1
luad_oncosg_2020,A209,0
luad_oncosg_2020,A210,-1
luad_oncosg_2020,A211,0
luad_oncosg_2020,A212,0
luad_oncosg_2020,A213,0
luad_oncosg_2020,A214,0
luad_oncosg_2020,A215,0
luad_oncosg_2020,A216,1
luad_oncosg_2020,A217,-1
luad_oncosg_2020,A218,0
luad_oncosg_2020,A219,1
luad_oncosg_2020,A220,1
luad_oncosg_2020,A221,0
luad_oncosg_2020,A222,1
luad_oncosg_2020,A224,0
luad_oncosg_2020,A227,0
luad_oncosg_2020,A228,0
luad_oncosg_2020,A229,-1
luad_oncosg_2020,A230,-1
luad_oncosg_2020,A231,0
luad_oncosg_2020,A232,0
luad_oncosg_2020,A247,0
luad_oncosg_2020,A241,-1
luad_oncosg_2020,A234,0
luad_oncosg_2020,A233,1
luad_oncosg_2020,A177,0
luad_oncosg_2020,A167,0
luad_oncosg_2020,A159,-1
luad_oncosg_2020,A158,1
luad_oncosg_2020,A155,0
luad_oncosg_2020,A153,-1
luad_oncosg_2020,A144,1
luad_oncosg_2020,A143,0
luad_oncosg_2020,A139,1
luad_oncosg_2020,A138,0
luad_oncosg_2020,A131,1
luad_oncosg_2020,A120,0
luad_oncosg_2020,A006,0
luad_oncosg_2020,A073,-1
luad_oncosg_2020,A025,-1
luad_oncosg_2020,A016,0
luad_oncosg_2020,A012,0
luad_oncosg_2020,A008,0
luad_oncosg_2020,A258,0
luad_oncosg_2020,A259,1
luad_oncosg_2020,A260,0
luad_oncosg_2020,A261,0
luad_oncosg_2020,A262,1
luad_oncosg_2020,A263,0
luad_oncosg_2020,A264,0
luad_oncosg_2020,A265,0
luad_oncosg_2020,A266,1
luad_oncosg_2020,A267,0
luad_oncosg_2020,A268,0
luad_oncosg_2020,A269,0
luad_oncosg_2020,A270,0
luad_oncosg_2020,A271,0
luad_oncosg_2020,A272,0
luad_oncosg_2020,A273,1
luad_oncosg_2020,A274,1
luad_oncosg_2020,A275,0
luad_oncosg_2020,A276,1
luad_oncosg_2020,A277,0
luad_oncosg_2020,A278,1
luad_oncosg_2020,A279,1
luad_oncosg_2020,A280,1
luad_oncosg_2020,A281,1
luad_oncosg_2020,A282,0
luad_oncosg_2020,A283,0
luad_oncosg_2020,A284,1
luad_oncosg_2020,A285,0
luad_oncosg_2020,A344,0
luad_oncosg_2020,A349,1
luad_oncosg_2020,A364,0
luad_oncosg_2020,A368,1
luad_oncosg_2020,A017,1
luad_oncosg_2020,A028,1
luad_oncosg_2020,A021,1
luad_oncosg_2020,A033,0
luad_oncosg_2020,A027,0
luad_oncosg_2020,A068,0
luad_oncosg_2020,A101,1
luad_oncosg_2020,A071,-1
luad_oncosg_2020,A072,1
luad_oncosg_2020,A074,0
luad_oncosg_2020,A100,0
luad_oncosg_2020,A102,0
luad_oncosg_2020,A103,1
luad_oncosg_2020,A104,0
luad_oncosg_2020,A109,0
luad_oncosg_2020,A117,-1
luad_oncosg_2020,A122,-1
luad_oncosg_2020,A134,1
luad_oncosg_2020,A136,-1
luad_oncosg_2020,A147,0
luad_oncosg_2020,A146,1
luad_oncosg_2020,A148,1
luad_oncosg_2020,A149,0
luad_oncosg_2020,A150,1
luad_oncosg_2020,A156,1
luad_oncosg_2020,A165,-1
luad_oncosg_2020,A157,1
luad_oncosg_2020,A162,1
luad_oncosg_2020,A163,0
luad_oncosg_2020,A243,1
luad_oncosg_2020,A182,1
luad_oncosg_2020,A255,1
luad_oncosg_2020,A169,0
luad_oncosg_2020,A252,0
luad_oncosg_2020,A239,0
luad_oncosg_2020,A250,0
luad_oncosg_2020,A240,0
luad_oncosg_2020,A249,0
luad_oncosg_2020,A322,0
luad_oncosg_2020,A306,0
luad_oncosg_2020,A302,-1
luad_oncosg_2020,A323,1
luad_oncosg_2020,A307,-1
luad_oncosg_2020,A380,1
luad_oncosg_2020,A315,0
luad_oncosg_2020,A377,1
luad_oncosg_2020,A375,0
luad_oncosg_2020,A425,1
luad_oncosg_2020,A316,0
luad_oncosg_2020,A379,0
luad_oncosg_2020,A483,0
luad_oncosg_2020,A485,0
luad_oncosg_2020,A486,0
luad_oncosg_2020,A488,0
luad_oncosg_2020,A490,0
luad_oncosg_2020,A492,1
luad_oncosg_2020,A493,0
luad_oncosg_2020,A494,0
luad_oncosg_2020,A495,1
luad_oncosg_2020,A496,0
luad_oncosg_2020,A497,1
luad_oncosg_2020,A499,0
luad_oncosg_2020,A500,0
luad_oncosg_2020,A501,0
luad_oncosg_2020,A502,1
luad_oncosg_2020,A503,0
luad_oncosg_2020,A504,1
luad_oncosg_2020,A505,0
luad_oncosg_2020,A295,0
luad_oncosg_2020,A152,0
luad_oncosg_2020,A015,0
luad_oncosg_2020,A062,0
luad_oncosg_2020,A037,1
luad_oncosg_2020,A066,0
luad_oncosg_2020,A310,1
luad_oncosg_2020,A320,0
luad_oncosg_2020,A426,0
luad_oncosg_2020,A381,-1
luad_oncosg_2020,A428,1
luad_oncosg_2020,A430,0
luad_oncosg_2020,A432,0
luad_oncosg_2020,A434,0
luad_oncosg_2020,A435,-1
luad_oncosg_2020,A507,0
luad_oncosg_2020,A508,0
luad_oncosg_2020,A509,1
luad_oncosg_2020,A063,0
luad_oncosg_2020,A130,0
luad_oncosg_2020,A168,0
luad_oncosg_2020,A433,0
luad_oncosg_2020,A513,0
luad_oncosg_2020,A112,0
luad_oncosg_2020,A114,0
luad_oncosg_2020,A111,1
luad_oncosg_2020,A110,0
luad_oncosg_2020,A124,0
luad_oncosg_2020,A126,0
luad_oncosg_2020,A511,1
luad_oncosg_2020,A512,0
luad_oncosg_2020,A514,0
luad_oncosg_2020,A517,1
luad_oncosg_2020,A510,0
luad_oncosg_2020,A524,0
luad_oncosg_2020,A522,0
luad_oncosg_2020,A521,-1
luad_oncosg_2020,A519,1
luad_oncosg_2020,A534,0
luad_oncosg_2020,A530,0
luad_oncosg_2020,A532,0
luad_oncosg_2020,A538,0
luad_oncosg_2020,A537,-1
luad_tcga_pan_can_atlas_2018,TCGA-05-4244-01,0
luad_tcga_pan_can_atlas_2018,TCGA-05-4249-01,0
luad_tcga_pan_can_atlas_2018,TCGA-05-4250-01,0
luad_tcga_pan_can_atlas_2018,TCGA-05-4382-01,0
luad_tcga_pan_can_atlas_2018,TCGA-05-4384-01,0
luad_tcga_pan_can_atlas_2018,TCGA-05-4389-01,1
luad_tcga_pan_can_atlas_2018,TCGA-05-4390-01,1
luad_tcga_pan_can_atlas_2018,TCGA-05-4395-01,-1
luad_tcga_pan_can_atlas_2018,TCGA-05-4396-01,-1
luad_tcga_pan_can_atlas_2018,TCGA-05-4397-01,0
luad_tcga_pan_can_atlas_2018,TCGA-05-4398-01,-1
luad_tcga_pan_can_atlas_2018,TCGA-05-4402-01,1
luad_tcga_pan_can_atlas_2018,TCGA-05-4403-01,0
luad_tcga_pan_can_atlas_2018,TCGA-05-4405-01,-1
luad_tcga_pan_can_atlas_2018,TCGA-05-4410-01,0
luad_tcga_pan_can_atlas_2018,TCGA-05-4415-01,1
luad_tcga_pan_can_atlas_2018,TCGA-05-4417-01,1
luad_tcga_pan_can_atlas_2018,TCGA-05-4418-01,-1
luad_tcga_pan_can_atlas_2018,TCGA-05-4420-01,-1
luad_tcga_pan_can_atlas_2018,TCGA-05-4422-01,0
luad_tcga_pan_can_atlas_2018,TCGA-05-4424-01,1
luad_tcga_pan_can_atlas_2018,TCGA-05-4425-01,0
luad_tcga_pan_can_atlas_2018,TCGA-05-4426-01,0
luad_tcga_pan_can_atlas_2018,TCGA-05-4427-01,-1
luad_tcga_pan_can_atlas_2018,TCGA-05-4430-01,0
luad_tcga_pan_can_atlas_2018,TCGA-05-4432-01,0
luad_tcga_pan_can_atlas_2018,TCGA-05-4433-01,0
luad_tcga_pan_can_atlas_2018,TCGA-05-4434-01,0
luad_tcga_pan_can_atlas_2018,TCGA-05-5423-01,0
luad_tcga_pan_can_atlas_2018,TCGA-05-5425-01,-1
luad_tcga_pan_can_atlas_2018,TCGA-05-5428-01,0
luad_tcga_pan_can_atlas_2018,TCGA-05-5429-01,0
luad_tcga_pan_can_atlas_2018,TCGA-05-5715-01,0
luad_tcga_pan_can_atlas_2018,TCGA-35-3615-01,0
luad_tcga_pan_can_atlas_2018,TCGA-35-4122-01,-1
luad_tcga_pan_can_atlas_2018,TCGA-35-4123-01,1
luad_tcga_pan_can_atlas_2018,TCGA-35-5375-01,1
luad_tcga_pan_can_atlas_2018,TCGA-38-4625-01,0
luad_tcga_pan_can_atlas_2018,TCGA-38-4626-01,0
luad_tcga_pan_can_atlas_2018,TCGA-38-4627-01,1
luad_tcga_pan_can_atlas_2018,TCGA-38-4628-01,-1
luad_tcga_pan_can_atlas_2018,TCGA-38-4631-01,-1
luad_tcga_pan_can_atlas_2018,TCGA-38-4632-01,-1
luad_tcga_pan_can_atlas_2018,TCGA-38-6178-01,0
luad_tcga_pan_can_atlas_2018,TCGA-38-7271-01,0
luad_tcga_pan_can_atlas_2018,TCGA-38-A44F-01,0
luad_tcga_pan_can_atlas_2018,TCGA-44-2655-01,0
luad_tcga_pan_can_atlas_2018,TCGA-44-2656-01,0
luad_tcga_pan_can_atlas_2018,TCGA-44-2657-01,0
luad_tcga_pan_can_atlas_2018,TCGA-44-2659-01,-1
luad_tcga_pan_can_atlas_2018,TCGA-44-2662-01,-1
luad_tcga_pan_can_atlas_2018,TCGA-44-2665-01,0
luad_tcga_pan_can_atlas_2018,TCGA-44-2666-01,0
luad_tcga_pan_can_atlas_2018,TCGA-44-2668-01,1
luad_tcga_pan_can_atlas_2018,TCGA-44-3396-01,0
luad_tcga_pan_can_atlas_2018,TCGA-44-3398-01,-1
luad_tcga_pan_can_atlas_2018,TCGA-44-3917-01,1
luad_tcga_pan_can_atlas_2018,TCGA-44-3918-01,0
luad_tcga_pan_can_atlas_2018,TCGA-44-3919-01,0
luad_tcga_pan_can_atlas_2018,TCGA-44-4112-01,0
luad_tcga_pan_can_atlas_2018,TCGA-44-5643-01,-1
luad_tcga_pan_can_atlas_2018,TCGA-44-5644-01,-1
luad_tcga_pan_can_atlas_2018,TCGA-44-5645-01,0
luad_tcga_pan_can_atlas_2018,TCGA-44-6144-01,0
luad_tcga_pan_can_atlas_2018,TCGA-44-6145-01,-1
luad_tcga_pan_can_atlas_2018,TCGA-44-6146-01,-1
luad_tcga_pan_can_atlas_2018,TCGA-44-6148-01,0
luad_tcga_pan_can_atlas_2018,TCGA-44-6774-01,0
luad_tcga_pan_can_atlas_2018,TCGA-44-6775-01,-1
luad_tcga_pan_can_atlas_2018,TCGA-44-6776-01,0
luad_tcga_pan_can_atlas_2018,TCGA-44-6777-01,0
luad_tcga_pan_can_atlas_2018,TCGA-44-6778-01,1
luad_tcga_pan_can_atlas_2018,TCGA-44-6779-01,1
luad_tcga_pan_can_atlas_2018,TCGA-44-7659-01,-1
luad_tcga_pan_can_atlas_2018,TCGA-44-7660-01,1
luad_tcga_pan_can_atlas_2018,TCGA-44-7661-01,0
luad_tcga_pan_can_atlas_2018,TCGA-44-7662-01,1
luad_tcga_pan_can_atlas_2018,TCGA-44-7667-01,-1
luad_tcga_pan_can_atlas_2018,TCGA-44-7669-01,-1
luad_tcga_pan_can_atlas_2018,TCGA-44-7670-01,-1
luad_tcga_pan_can_atlas_2018,TCGA-44-7671-01,-1
luad_tcga_pan_can_atlas_2018,TCGA-44-7672-01,0
luad_tcga_pan_can_atlas_2018,TCGA-44-8117-01,0
luad_tcga_pan_can_atlas_2018,TCGA-44-8119-01,1
luad_tcga_pan_can_atlas_2018,TCGA-44-8120-01,-1
luad_tcga_pan_can_atlas_2018,TCGA-44-A479-01,1
luad_tcga_pan_can_atlas_2018,TCGA-44-A47A-01,1
luad_tcga_pan_can_atlas_2018,TCGA-44-A47B-01,1
luad_tcga_pan_can_atlas_2018,TCGA-44-A47F-01,-1
luad_tcga_pan_can_atlas_2018,TCGA-44-A47G-01,0
luad_tcga_pan_can_atlas_2018,TCGA-44-A4SS-01,-1
luad_tcga_pan_can_atlas_2018,TCGA-44-A4SU-01,1
luad_tcga_pan_can_atlas_2018,TCGA-49-4486-01,1
luad_tcga_pan_can_atlas_2018,TCGA-49-4487-01,0
luad_tcga_pan_can_atlas_2018,TCGA-49-4488-01,1
luad_tcga_pan_can_atlas_2018,TCGA-49-4490-01,1
luad_tcga_pan_can_atlas_2018,TCGA-49-4494-01,0
luad_tcga_pan_can_atlas_2018,TCGA-49-4501-01,0
luad_tcga_pan_can_atlas_2018,TCGA-49-4505-01,0
luad_tcga_pan_can_atlas_2018,TCGA-49-4506-01,0
luad_tcga_pan_can_atlas_2018,TCGA-49-4507-01,-1
luad_tcga_pan_can_atlas_2018,TCGA-49-4510-01,-1
luad_tcga_pan_can_atlas_2018,TCGA-49-4512-01,1
luad_tcga_pan_can_atlas_2018,TCGA-49-4514-01,-1
luad_tcga_pan_can_atlas_2018,TCGA-49-6742-01,-1
luad_tcga_pan_can_atlas_2018,TCGA-49-6743-01,0
luad_tcga_pan_can_atlas_2018,TCGA-49-6744-01,-1
luad_tcga_pan_can_atlas_2018,TCGA-49-6745-01,0
luad_tcga_pan_can_atlas_2018,TCGA-49-6761-01,0
luad_tcga_pan_can_atlas_2018,TCGA-49-6767-01,1
luad_tcga_pan_can_atlas_2018,TCGA-49-AAQV-01,1
luad_tcga_pan_can_atlas_2018,TCGA-49-AAR0-01,0
luad_tcga_pan_can_atlas_2018,TCGA-49-AAR2-01,0
luad_tcga_pan_can_atlas_2018,TCGA-49-AAR3-01,0
luad_tcga_pan_can_atlas_2018,TCGA-49-AAR4-01,1
luad_tcga_pan_can_atlas_2018,TCGA-49-AAR9-01,-1
luad_tcga_pan_can_atlas_2018,TCGA-49-AARE-01,-1
luad_tcga_pan_can_atlas_2018,TCGA-49-AARN-01,0
luad_tcga_pan_can_atlas_2018,TCGA-49-AARO-01,1
luad_tcga_pan_can_atlas_2018,TCGA-49-AARQ-01,1
luad_tcga_pan_can_atlas_2018,TCGA-49-AARR-01,0
luad_tcga_pan_can_atlas_2018,TCGA-4B-A93V-01,0
luad_tcga_pan_can_atlas_2018,TCGA-50-5044-01,0
luad_tcga_pan_can_atlas_2018,TCGA-50-5045-01,0
luad_tcga_pan_can_atlas_2018,TCGA-50-5049-01,0
luad_tcga_pan_can_atlas_2018,TCGA-50-5051-01,0
luad_tcga_pan_can_atlas_2018,TCGA-50-5055-01,0
luad_tcga_pan_can_atlas_2018,TCGA-50-5066-01,0
luad_tcga_pan_can_atlas_2018,TCGA-50-5068-01,-1
luad_tcga_pan_can_atlas_2018,TCGA-50-5072-01,0
luad_tcga_pan_can_atlas_2018,TCGA-50-5930-01,-1
luad_tcga_pan_can_atlas_2018,TCGA-50-5931-01,-1
luad_tcga_pan_can_atlas_2018,TCGA-50-5932-01,0
luad_tcga_pan_can_atlas_2018,TCGA-50-5933-01,0
luad_tcga_pan_can_atlas_2018,TCGA-50-5935-01,-1
luad_tcga_pan_can_atlas_2018,TCGA-50-5936-01,-1
luad_tcga_pan_can_atlas_2018,TCGA-50-5939-01,0
luad_tcga_pan_can_atlas_2018,TCGA-50-5941-01,1
luad_tcga_pan_can_atlas_2018,TCGA-50-5942-01,0
luad_tcga_pan_can_atlas_2018,TCGA-50-5944-01,0
luad_tcga_pan_can_atlas_2018,TCGA-50-5946-01,1
luad_tcga_pan_can_atlas_2018,TCGA-50-6590-01,1
luad_tcga_pan_can_atlas_2018,TCGA-50-6591-01,1
luad_tcga_pan_can_atlas_2018,TCGA-50-6592-01,-1
luad_tcga_pan_can_atlas_2018,TCGA-50-6593-01,-1
luad_tcga_pan_can_atlas_2018,TCGA-50-6594-01,-1
luad_tcga_pan_can_atlas_2018,TCGA-50-6595-01,0
luad_tcga_pan_can_atlas_2018,TCGA-50-6597-01,-1
luad_tcga_pan_can_atlas_2018,TCGA-50-6673-01,0
luad_tcga_pan_can_atlas_2018,TCGA-50-7109-01,1
luad_tcga_pan_can_atlas_2018,TCGA-50-8457-01,-1
luad_tcga_pan_can_atlas_2018,TCGA-50-8459-01,0
luad_tcga_pan_can_atlas_2018,TCGA-50-8460-01,0
luad_tcga_pan_can_atlas_2018,TCGA-53-7624-01,0
luad_tcga_pan_can_atlas_2018,TCGA-53-7626-01,1
luad_tcga_pan_can_atlas_2018,TCGA-53-7813-01,0
luad_tcga_pan_can_atlas_2018,TCGA-53-A4EZ-01,1
luad_tcga_pan_can_atlas_2018,TCGA-55-1592-01,-1
luad_tcga_pan_can_atlas_2018,TCGA-55-1594-01,0
luad_tcga_pan_can_atlas_2018,TCGA-55-1595-01,-1
luad_tcga_pan_can_atlas_2018,TCGA-55-1596-01,-1
luad_tcga_pan_can_atlas_2018,TCGA-55-5899-01,1
luad_tcga_pan_can_atlas_2018,TCGA-55-6543-01,1
luad_tcga_pan_can_atlas_2018,TCGA-55-6642-01,0
luad_tcga_pan_can_atlas_2018,TCGA-55-6712-01,-1
luad_tcga_pan_can_atlas_2018,TCGA-55-6968-01,0
luad_tcga_pan_can_atlas_2018,TCGA-55-6969-01,0
luad_tcga_pan_can_atlas_2018,TCGA-55-6970-01,1
luad_tcga_pan_can_atlas_2018,TCGA-55-6971-01,1
luad_tcga_pan_can_atlas_2018,TCGA-55-6972-01,0
luad_tcga_pan_can_atlas_2018,TCGA-55-6975-01,1
luad_tcga_pan_can_atlas_2018,TCGA-55-6978-01,0
luad_tcga_pan_can_atlas_2018,TCGA-55-6979-01,0
luad_tcga_pan_can_atlas_2018,TCGA-55-6980-01,0
luad_tcga_pan_can_atlas_2018,TCGA-55-6981-01,0
luad_tcga_pan_can_atlas_2018,TCGA-55-6982-01,-1
luad_tcga_pan_can_atlas_2018,TCGA-55-6983-01,1
luad_tcga_pan_can_atlas_2018,TCGA-55-6984-01,0
luad_tcga_pan_can_atlas_2018,TCGA-55-6985-01,0
luad_tcga_pan_can_atlas_2018,TCGA-55-6986-01,0
luad_tcga_pan_can_atlas_2018,TCGA-55-6987-01,0
luad_tcga_pan_can_atlas_2018,TCGA-55-7281-01,-1
luad_tcga_pan_can_atlas_2018,TCGA-55-7283-01,-1
luad_tcga_pan_can_atlas_2018,TCGA-55-7284-01,0
luad_tcga_pan_can_atlas_2018,TCGA-55-7570-01,0
luad_tcga_pan_can_atlas_2018,TCGA-55-7573-01,0
luad_tcga_pan_can_atlas_2018,TCGA-55-7574-01,0
luad_tcga_pan_can_atlas_2018,TCGA-55-7576-01,0
luad_tcga_pan_can_atlas_2018,TCGA-55-7724-01,1
luad_tcga_pan_can_atlas_2018,TCGA-55-7725-01,0
luad_tcga_pan_can_atlas_2018,TCGA-55-7726-01,0
luad_tcga_pan_can_atlas_2018,TCGA-55-7727-01,-1
luad_tcga_pan_can_atlas_2018,TCGA-55-7728-01,0
luad_tcga_pan_can_atlas_2018,TCGA-55-7815-01,1
luad_tcga_pan_can_atlas_2018,TCGA-55-7903-01,0
luad_tcga_pan_can_atlas_2018,TCGA-55-7907-01,1
luad_tcga_pan_can_atlas_2018,TCGA-55-7910-01,-1
luad_tcga_pan_can_atlas_2018,TCGA-55-7911-01,0
luad_tcga_pan_can_atlas_2018,TCGA-55-7913-01,0
luad_tcga_pan_can_atlas_2018,TCGA-55-7914-01,0
luad_tcga_pan_can_atlas_2018,TCGA-55-7994-01,1
luad_tcga_pan_can_atlas_2018,TCGA-55-7995-01,1
luad_tcga_pan_can_atlas_2018,TCGA-55-8085-01,0
luad_tcga_pan_can_atlas_2018,TCGA-55-8087-01,0
luad_tcga_pan_can_atlas_2018,TCGA-55-8089-01,0
luad_tcga_pan_can_atlas_2018,TCGA-55-8090-01,0
luad_tcga_pan_can_atlas_2018,TCGA-55-8091-01,1
luad_tcga_pan_can_atlas_2018,TCGA-55-8092-01,2
luad_tcga_pan_can_atlas_2018,TCGA-55-8094-01,-1
luad_tcga_pan_can_atlas_2018,TCGA-55-8096-01,1
luad_tcga_pan_can_atlas_2018,TCGA-55-8097-01,-1
luad_tcga_pan_can_atlas_2018,TCGA-55-8203-01,1
luad_tcga_pan_can_atlas_2018,TCGA-55-8204-01,1
luad_tcga_pan_can_atlas_2018,TCGA-55-8205-01,0
luad_tcga_pan_can_atlas_2018,TCGA-55-8206-01,1
luad_tcga_pan_can_atlas_2018,TCGA-55-8207-01,0
luad_tcga_pan_can_atlas_2018,TCGA-55-8208-01,0
luad_tcga_pan_can_atlas_2018,TCGA-55-8299-01,0
luad_tcga_pan_can_atlas_2018,TCGA-55-8301-01,0
luad_tcga_pan_can_atlas_2018,TCGA-55-8302-01,1
luad_tcga_pan_can_atlas_2018,TCGA-55-8505-01,-1
luad_tcga_pan_can_atlas_2018,TCGA-55-8506-01,1
luad_tcga_pan_can_atlas_2018,TCGA-55-8507-01,1
luad_tcga_pan_can_atlas_2018,TCGA-55-8508-01,-1
luad_tcga_pan_can_atlas_2018,TCGA-55-8510-01,1
luad_tcga_pan_can_atlas_2018,TCGA-55-8511-01,0
luad_tcga_pan_can_atlas_2018,TCGA-55-8512-01,0
luad_tcga_pan_can_atlas_2018,TCGA-55-8513-01,0
luad_tcga_pan_can_atlas_2018,TCGA-55-8514-01,-1
luad_tcga_pan_can_atlas_2018,TCGA-55-8614-01,1
luad_tcga_pan_can_atlas_2018,TCGA-55-8615-01,0
luad_tcga_pan_can_atlas_2018,TCGA-55-8616-01,0
luad_tcga_pan_can_atlas_2018,TCGA-55-8619-01,-1
luad_tcga_pan_can_atlas_2018,TCGA-55-8620-01,0
luad_tcga_pan_can_atlas_2018,TCGA-55-8621-01,0
luad_tcga_pan_can_atlas_2018,TCGA-55-A48X-01,0
luad_tcga_pan_can_atlas_2018,TCGA-55-A48Y-01,0
luad_tcga_pan_can_atlas_2018,TCGA-55-A48Z-01,1
luad_tcga_pan_can_atlas_2018,TCGA-55-A490-01,1
luad_tcga_pan_can_atlas_2018,TCGA-55-A491-01,-1
luad_tcga_pan_can_atlas_2018,TCGA-55-A492-01,-1
luad_tcga_pan_can_atlas_2018,TCGA-55-A493-01,0
luad_tcga_pan_can_atlas_2018,TCGA-55-A494-01,0
luad_tcga_pan_can_atlas_2018,TCGA-55-A4DF-01,0
luad_tcga_pan_can_atlas_2018,TCGA-55-A4DG-01,1
luad_tcga_pan_can_atlas_2018,TCGA-55-A57B-01,1
luad_tcga_pan_can_atlas_2018,TCGA-62-8394-01,1
luad_tcga_pan_can_atlas_2018,TCGA-62-8395-01,0
luad_tcga_pan_can_atlas_2018,TCGA-62-8397-01,0
luad_tcga_pan_can_atlas_2018,TCGA-62-8398-01,-1
luad_tcga_pan_can_atlas_2018,TCGA-62-8399-01,0
luad_tcga_pan_can_atlas_2018,TCGA-62-8402-01,0
luad_tcga_pan_can_atlas_2018,TCGA-62-A46O-01,1
luad_tcga_pan_can_atlas_2018,TCGA-62-A46P-01,0
luad_tcga_pan_can_atlas_2018,TCGA-62-A46R-01,0
luad_tcga_pan_can_atlas_2018,TCGA-62-A46S-01,-1
luad_tcga_pan_can_atlas_2018,TCGA-62-A46U-01,-1
luad_tcga_pan_can_atlas_2018,TCGA-62-A46V-01,0
luad_tcga_pan_can_atlas_2018,TCGA-62-A46Y-01,0
luad_tcga_pan_can_atlas_2018,TCGA-62-A470-01,0
luad_tcga_pan_can_atlas_2018,TCGA-62-A471-01,-1
luad_tcga_pan_can_atlas_2018,TCGA-62-A472-01,0
luad_tcga_pan_can_atlas_2018,TCGA-64-1676-01,0
luad_tcga_pan_can_atlas_2018,TCGA-64-1677-01,1
luad_tcga_pan_can_atlas_2018,TCGA-64-1678-01,0
luad_tcga_pan_can_atlas_2018,TCGA-64-1679-01,0
luad_tcga_pan_can_atlas_2018,TCGA-64-1680-01,-1
luad_tcga_pan_can_atlas_2018,TCGA-64-1681-01,0
luad_tcga_pan_can_atlas_2018,TCGA-64-5774-01,1
luad_tcga_pan_can_atlas_2018,TCGA-64-5775-01,1
luad_tcga_pan_can_atlas_2018,TCGA-64-5778-01,-1
luad_tcga_pan_can_atlas_2018,TCGA-64-5779-01,-1
luad_tcga_pan_can_atlas_2018,TCGA-64-5781-01,-1
luad_tcga_pan_can_atlas_2018,TCGA-64-5815-01,0
luad_tcga_pan_can_atlas_2018,TCGA-67-3770-01,1
luad_tcga_pan_can_atlas_2018,TCGA-67-3771-01,2
luad_tcga_pan_can_atlas_2018,TCGA-67-3772-01,0
luad_tcga_pan_can_atlas_2018,TCGA-67-3773-01,0
luad_tcga_pan_can_atlas_2018,TCGA-67-3774-01,-1
luad_tcga_pan_can_atlas_2018,TCGA-67-4679-01,1
luad_tcga_pan_can_atlas_2018,TCGA-67-6215-01,0
luad_tcga_pan_can_atlas_2018,TCGA-67-6216-01,0
luad_tcga_pan_can_atlas_2018,TCGA-67-6217-01,-1
luad_tcga_pan_can_atlas_2018,TCGA-69-7760-01,0
luad_tcga_pan_can_atlas_2018,TCGA-69-7761-01,-1
luad_tcga_pan_can_atlas_2018,TCGA-69-7763-01,1
luad_tcga_pan_can_atlas_2018,TCGA-69-7764-01,0
luad_tcga_pan_can_atlas_2018,TCGA-69-7765-01,-1
luad_tcga_pan_can_atlas_2018,TCGA-69-7973-01,1
luad_tcga_pan_can_atlas_2018,TCGA-69-7974-01,-1
luad_tcga_pan_can_atlas_2018,TCGA-69-7978-01,0
luad_tcga_pan_can_atlas_2018,TCGA-69-7979-01,1
luad_tcga_pan_can_atlas_2018,TCGA-69-7980-01,1
luad_tcga_pan_can_atlas_2018,TCGA-69-8253-01,0
luad_tcga_pan_can_atlas_2018,TCGA-69-8254-01,0
luad_tcga_pan_can_atlas_2018,TCGA-69-8255-01,0
luad_tcga_pan_can_atlas_2018,TCGA-69-8453-01,0
luad_tcga_pan_can_atlas_2018,TCGA-69-A59K-01,-1
luad_tcga_pan_can_atlas_2018,TCGA-71-6725-01,1
luad_tcga_pan_can_atlas_2018,TCGA-73-4658-01,1
luad_tcga_pan_can_atlas_2018,TCGA-73-4659-01,1
luad_tcga_pan_can_atlas_2018,TCGA-73-4662-01,-1
luad_tcga_pan_can_atlas_2018,TCGA-73-4666-01,1
luad_tcga_pan_can_atlas_2018,TCGA-73-4668-01,0
luad_tcga_pan_can_atlas_2018,TCGA-73-4670-01,0
luad_tcga_pan_can_atlas_2018,TCGA-73-4675-01,-1
luad_tcga_pan_can_atlas_2018,TCGA-73-4676-01,0
luad_tcga_pan_can_atlas_2018,TCGA-73-4677-01,1
luad_tcga_pan_can_atlas_2018,TCGA-73-7498-01,0
luad_tcga_pan_can_atlas_2018,TCGA-73-7499-01,1
luad_tcga_pan_can_atlas_2018,TCGA-73-A9RS-01,-1
luad_tcga_pan_can_atlas_2018,TCGA-75-5122-01,0
luad_tcga_pan_can_atlas_2018,TCGA-75-5125-01,-1
luad_tcga_pan_can_atlas_2018,TCGA-75-5126-01,0
luad_tcga_pan_can_atlas_2018,TCGA-75-5146-01,-1
luad_tcga_pan_can_atlas_2018,TCGA-75-5147-01,-1
luad_tcga_pan_can_atlas_2018,TCGA-75-6203-01,1
luad_tcga_pan_can_atlas_2018,TCGA-75-6205-01,0
luad_tcga_pan_can_atlas_2018,TCGA-75-6206-01,-1
luad_tcga_pan_can_atlas_2018,TCGA-75-6207-01,0
luad_tcga_pan_can_atlas_2018,TCGA-75-6211-01,0
luad_tcga_pan_can_atlas_2018,TCGA-75-6212-01,1
luad_tcga_pan_can_atlas_2018,TCGA-75-6214-01,-1
luad_tcga_pan_can_atlas_2018,TCGA-75-7025-01,1
luad_tcga_pan_can_atlas_2018,TCGA-75-7027-01,-1
luad_tcga_pan_can_atlas_2018,TCGA-75-7030-01,0
luad_tcga_pan_can_atlas_2018,TCGA-75-7031-01,1
luad_tcga_pan_can_atlas_2018,TCGA-78-7143-01,0
luad_tcga_pan_can_atlas_2018,TCGA-78-7145-01,1
luad_tcga_pan_can_atlas_2018,TCGA-78-7146-01,-1
luad_tcga_pan_can_atlas_2018,TCGA-78-7147-01,-1
luad_tcga_pan_can_atlas_2018,TCGA-78-7148-01,1
luad_tcga_pan_can_atlas_2018,TCGA-78-7149-01,1
luad_tcga_pan_can_atlas_2018,TCGA-78-7150-01,0
luad_tcga_pan_can_atlas_2018,TCGA-78-7152-01,0
luad_tcga_pan_can_atlas_2018,TCGA-78-7153-01,0
luad_tcga_pan_can_atlas_2018,TCGA-78-7154-01,0
luad_tcga_pan_can_atlas_2018,TCGA-78-7155-01,0
luad_tcga_pan_can_atlas_2018,TCGA-78-7156-01,0
luad_tcga_pan_can_atlas_2018,TCGA-78-7158-01,0
luad_tcga_pan_can_atlas_2018,TCGA-78-7159-01,1
luad_tcga_pan_can_atlas_2018,TCGA-78-7160-01,0
luad_tcga_pan_can_atlas_2018,TCGA-78-7161-01,1
luad_tcga_pan_can_atlas_2018,TCGA-78-7162-01,0
luad_tcga_pan_can_atlas_2018,TCGA-78-7163-01,0
luad_tcga_pan_can_atlas_2018,TCGA-78-7166-01,0
luad_tcga_pan_can_atlas_2018,TCGA-78-7167-01,0
luad_tcga_pan_can_atlas_2018,TCGA-78-7220-01,1
luad_tcga_pan_can_atlas_2018,TCGA-78-7535-01,-1
luad_tcga_pan_can_atlas_2018,TCGA-78-7536-01,1
luad_tcga_pan_can_atlas_2018,TCGA-78-7537-01,0
luad_tcga_pan_can_atlas_2018,TCGA-78-7539-01,0
luad_tcga_pan_can_atlas_2018,TCGA-78-7540-01,0
luad_tcga_pan_can_atlas_2018,TCGA-78-7542-01,0
luad_tcga_pan_can_atlas_2018,TCGA-78-7633-01,0
luad_tcga_pan_can_atlas_2018,TCGA-78-8640-01,-1
luad_tcga_pan_can_atlas_2018,TCGA-78-8648-01,0
luad_tcga_pan_can_atlas_2018,TCGA-78-8655-01,0
luad_tcga_pan_can_atlas_2018,TCGA-78-8660-01,-1
luad_tcga_pan_can_atlas_2018,TCGA-78-8662-01,0
luad_tcga_pan_can_atlas_2018,TCGA-80-5607-01,0
luad_tcga_pan_can_atlas_2018,TCGA-80-5608-01,1
luad_tcga_pan_can_atlas_2018,TCGA-80-5611-01,1
luad_tcga_pan_can_atlas_2018,TCGA-83-5908-01,1
luad_tcga_pan_can_atlas_2018,TCGA-86-6562-01,1
luad_tcga_pan_can_atlas_2018,TCGA-86-6851-01,0
luad_tcga_pan_can_atlas_2018,TCGA-86-7701-01,2
luad_tcga_pan_can_atlas_2018,TCGA-86-7711-01,-1
luad_tcga_pan_can_atlas_2018,TCGA-86-7713-01,-1
luad_tcga_pan_can_atlas_2018,TCGA-86-7714-01,0
luad_tcga_pan_can_atlas_2018,TCGA-86-7953-01,-1
luad_tcga_pan_can_atlas_2018,TCGA-86-7954-01,-1
luad_tcga_pan_can_atlas_2018,TCGA-86-7955-01,-1
luad_tcga_pan_can_atlas_2018,TCGA-86-8054-01,-1
luad_tcga_pan_can_atlas_2018,TCGA-86-8055-01,0
luad_tcga_pan_can_atlas_2018,TCGA-86-8056-01,-1
luad_tcga_pan_can_atlas_2018,TCGA-86-8073-01,0
luad_tcga_pan_can_atlas_2018,TCGA-86-8074-01,1
luad_tcga_pan_can_atlas_2018,TCGA-86-8075-01,0
luad_tcga_pan_can_atlas_2018,TCGA-86-8076-01,0
luad_tcga_pan_can_atlas_2018,TCGA-86-8278-01,1
luad_tcga_pan_can_atlas_2018,TCGA-86-8279-01,-1
luad_tcga_pan_can_atlas_2018,TCGA-86-8280-01,1
luad_tcga_pan_can_atlas_2018,TCGA-86-8281-01,0
luad_tcga_pan_can_atlas_2018,TCGA-86-8358-01,1
luad_tcga_pan_can_atlas_2018,TCGA-86-8359-01,-1
luad_tcga_pan_can_atlas_2018,TCGA-86-8585-01,1
luad_tcga_pan_can_atlas_2018,TCGA-86-8668-01,0
luad_tcga_pan_can_atlas_2018,TCGA-86-8669-01,-1
luad_tcga_pan_can_atlas_2018,TCGA-86-8671-01,0
luad_tcga_pan_can_atlas_2018,TCGA-86-8672-01,-1
luad_tcga_pan_can_atlas_2018,TCGA-86-8673-01,0
luad_tcga_pan_can_atlas_2018,TCGA-86-8674-01,0
luad_tcga_pan_can_atlas_2018,TCGA-86-A456-01,0
luad_tcga_pan_can_atlas_2018,TCGA-86-A4D0-01,-1
luad_tcga_pan_can_atlas_2018,TCGA-86-A4JF-01,0
luad_tcga_pan_can_atlas_2018,TCGA-86-A4P7-01,0
luad_tcga_pan_can_atlas_2018,TCGA-86-A4P8-01,0
luad_tcga_pan_can_atlas_2018,TCGA-91-6828-01,1
luad_tcga_pan_can_atlas_2018,TCGA-91-6829-01,-1
luad_tcga_pan_can_atlas_2018,TCGA-91-6830-01,-1
luad_tcga_pan_can_atlas_2018,TCGA-91-6831-01,0
luad_tcga_pan_can_atlas_2018,TCGA-91-6835-01,1
luad_tcga_pan_can_atlas_2018,TCGA-91-6836-01,1
luad_tcga_pan_can_atlas_2018,TCGA-91-6840-01,1
luad_tcga_pan_can_atlas_2018,TCGA-91-6847-01,1
luad_tcga_pan_can_atlas_2018,TCGA-91-6848-01,-1
luad_tcga_pan_can_atlas_2018,TCGA-91-6849-01,0
luad_tcga_pan_can_atlas_2018,TCGA-91-7771-01,-1
luad_tcga_pan_can_atlas_2018,TCGA-91-8496-01,1
luad_tcga_pan_can_atlas_2018,TCGA-91-8497-01,-1
luad_tcga_pan_can_atlas_2018,TCGA-91-8499-01,1
luad_tcga_pan_can_atlas_2018,TCGA-91-A4BC-01,0
luad_tcga_pan_can_atlas_2018,TCGA-91-A4BD-01,0
luad_tcga_pan_can_atlas_2018,TCGA-93-7347-01,-1
luad_tcga_pan_can_atlas_2018,TCGA-93-7348-01,0
luad_tcga_pan_can_atlas_2018,TCGA-93-8067-01,1
luad_tcga_pan_can_atlas_2018,TCGA-93-A4JN-01,1
luad_tcga_pan_can_atlas_2018,TCGA-93-A4JO-01,-1
luad_tcga_pan_can_atlas_2018,TCGA-93-A4JP-01,1
luad_tcga_pan_can_atlas_2018,TCGA-93-A4JQ-01,0
luad_tcga_pan_can_atlas_2018,TCGA-95-7039-01,-1
luad_tcga_pan_can_atlas_2018,TCGA-95-7043-01,0
luad_tcga_pan_can_atlas_2018,TCGA-95-7562-01,2
luad_tcga_pan_can_atlas_2018,TCGA-95-7567-01,-1
luad_tcga_pan_can_atlas_2018,TCGA-95-7944-01,-1
luad_tcga_pan_can_atlas_2018,TCGA-95-7947-01,0
luad_tcga_pan_can_atlas_2018,TCGA-95-7948-01,-1
luad_tcga_pan_can_atlas_2018,TCGA-95-8039-01,0
luad_tcga_pan_can_atlas_2018,TCGA-95-8494-01,1
luad_tcga_pan_can_atlas_2018,TCGA-95-A4VK-01,0
luad_tcga_pan_can_atlas_2018,TCGA-95-A4VN-01,-1
luad_tcga_pan_can_atlas_2018,TCGA-95-A4VP-01,-1
luad_tcga_pan_can_atlas_2018,TCGA-97-7546-01,-1
luad_tcga_pan_can_atlas_2018,TCGA-97-7547-01,-1
luad_tcga_pan_can_atlas_2018,TCGA-97-7552-01,0
luad_tcga_pan_can_atlas_2018,TCGA-97-7553-01,0
luad_tcga_pan_can_atlas_2018,TCGA-97-7554-01,0
luad_tcga_pan_can_atlas_2018,TCGA-97-7937-01,0
luad_tcga_pan_can_atlas_2018,TCGA-97-7938-01,0
luad_tcga_pan_can_atlas_2018,TCGA-97-7941-01,0
luad_tcga_pan_can_atlas_2018,TCGA-97-8171-01,1
luad_tcga_pan_can_atlas_2018,TCGA-97-8172-01,0
luad_tcga_pan_can_atlas_2018,TCGA-97-8174-01,-1
luad_tcga_pan_can_atlas_2018,TCGA-97-8175-01,0
luad_tcga_pan_can_atlas_2018,TCGA-97-8176-01,-1
luad_tcga_pan_can_atlas_2018,TCGA-97-8177-01,-1
luad_tcga_pan_can_atlas_2018,TCGA-97-8179-01,1
luad_tcga_pan_can_atlas_2018,TCGA-97-8547-01,0
luad_tcga_pan_can_atlas_2018,TCGA-97-8552-01,0
luad_tcga_pan_can_atlas_2018,TCGA-97-A4LX-01,1
luad_tcga_pan_can_atlas_2018,TCGA-97-A4M0-01,-1
luad_tcga_pan_can_atlas_2018,TCGA-97-A4M1-01,0
luad_tcga_pan_can_atlas_2018,TCGA-97-A4M2-01,0
luad_tcga_pan_can_atlas_2018,TCGA-97-A4M3-01,0
luad_tcga_pan_can_atlas_2018,TCGA-97-A4M5-01,0
luad_tcga_pan_can_atlas_2018,TCGA-97-A4M6-01,0
luad_tcga_pan_can_atlas_2018,TCGA-97-A4M7-01,0
luad_tcga_pan_can_atlas_2018,TCGA-99-7458-01,0
luad_tcga_pan_can_atlas_2018,TCGA-99-8025-01,-1
luad_tcga_pan_can_atlas_2018,TCGA-99-8028-01,0
luad_tcga_pan_can_atlas_2018,TCGA-99-8032-01,-1
luad_tcga_pan_can_atlas_2018,TCGA-99-8033-01,-1
luad_tcga_pan_can_atlas_2018,TCGA-99-AA5R-01,0
luad_tcga_pan_can_atlas_2018,TCGA-J2-8192-01,1
luad_tcga_pan_can_atlas_2018,TCGA-J2-8194-01,0
luad_tcga_pan_can_atlas_2018,TCGA-J2-A4AD-01,-1
luad_tcga_pan_can_atlas_2018,TCGA-J2-A4AE-01,0
luad_tcga_pan_can_atlas_2018,TCGA-J2-A4AG-01,-1
luad_tcga_pan_can_atlas_2018,TCGA-L4-A4E5-01,-1
luad_tcga_pan_can_atlas_2018,TCGA-L4-A4E6-01,0
luad_tcga_pan_can_atlas_2018,TCGA-L9-A443-01,-1
luad_tcga_pan_can_atlas_2018,TCGA-L9-A444-01,0
luad_tcga_pan_can_atlas_2018,TCGA-L9-A50W-01,0
luad_tcga_pan_can_atlas_2018,TCGA-L9-A5IP-01,0
luad_tcga_pan_can_atlas_2018,TCGA-L9-A743-01,-1
luad_tcga_pan_can_atlas_2018,TCGA-L9-A7SV-01,-1
luad_tcga_pan_can_atlas_2018,TCGA-L9-A8F4-01,0
luad_tcga_pan_can_atlas_2018,TCGA-MN-A4N1-01,-1
luad_tcga_pan_can_atlas_2018,TCGA-MN-A4N4-01,0
luad_tcga_pan_can_atlas_2018,TCGA-MN-A4N5-01,0
luad_tcga_pan_can_atlas_2018,TCGA-MP-A4SV-01,0
luad_tcga_pan_can_atlas_2018,TCGA-MP-A4SW-01,-1
luad_tcga_pan_can_atlas_2018,TCGA-MP-A4SY-01,1
luad_tcga_pan_can_atlas_2018,TCGA-MP-A4T2-01,0
luad_tcga_pan_can_atlas_2018,TCGA-MP-A4T4-01,0
luad_tcga_pan_can_atlas_2018,TCGA-MP-A4T6-01,1
luad_tcga_pan_can_atlas_2018,TCGA-MP-A4T7-01,-1
luad_tcga_pan_can_atlas_2018,TCGA-MP-A4T8-01,-1
luad_tcga_pan_can_atlas_2018,TCGA-MP-A4T9-01,1
luad_tcga_pan_can_atlas_2018,TCGA-MP-A4TA-01,0
luad_tcga_pan_can_atlas_2018,TCGA-MP-A4TC-01,-1
luad_tcga_pan_can_atlas_2018,TCGA-MP-A4TD-01,0
luad_tcga_pan_can_atlas_2018,TCGA-MP-A4TE-01,1
luad_tcga_pan_can_atlas_2018,TCGA-MP-A4TF-01,1
luad_tcga_pan_can_atlas_2018,TCGA-MP-A4TH-01,0
luad_tcga_pan_can_atlas_2018,TCGA-MP-A4TI-01,0
luad_tcga_pan_can_atlas_2018,TCGA-MP-A4TJ-01,0
luad_tcga_pan_can_atlas_2018,TCGA-MP-A4TK-01,-1
luad_tcga_pan_can_atlas_2018,TCGA-MP-A5C7-01,0
luad_tcga_pan_can_atlas_2018,TCGA-NJ-A4YF-01,-1
luad_tcga_pan_can_atlas_2018,TCGA-NJ-A4YG-01,0
luad_tcga_pan_can_atlas_2018,TCGA-NJ-A4YI-01,0
luad_tcga_pan_can_atlas_2018,TCGA-NJ-A4YP-01,0
luad_tcga_pan_can_atlas_2018,TCGA-NJ-A4YQ-01,-1
luad_tcga_pan_can_atlas_2018,TCGA-NJ-A55A-01,0
luad_tcga_pan_can_atlas_2018,TCGA-NJ-A55O-01,0
luad_tcga_pan_can_atlas_2018,TCGA-NJ-A55R-01,1
luad_tcga_pan_can_atlas_2018,TCGA-NJ-A7XG-01,-1
luad_tcga_pan_can_atlas_2018,TCGA-O1-A52J-01,1
luad_tcga_pan_can_atlas_2018,TCGA-S2-AA1A-01,0
